{"cameraMode":{"drawMode":0,"name":"Shaded","section":"Shading Mode"},"sceneLighting":false,"audioPlay":false,"sceneViewState":{"m_AlwaysRefresh":false,"showFog":true,"showSkybox":false,"showFlares":true,"showImageEffects":true,"showParticleSystems":true,"showVisualEffectGraphs":true,"m_FxEnabled":true},"in2DMode":false,"pivot":{"x":-0.5061591267585754,"y":1.8397055864334107,"z":-0.32496675848960879},"rotation":{"x":-0.0961068719625473,"y":0.033433638513088229,"z":-0.003231222741305828,"w":-0.9948092699050903},"size":2.2385318279266359,"orthographic":false}