{"cameraMode":{"drawMode":0,"name":"Shaded","section":"Shading Mode"},"sceneLighting":true,"audioPlay":false,"sceneViewState":{"m_AlwaysRefresh":false,"showFog":true,"showSkybox":true,"showFlares":true,"showImageEffects":true,"showParticleSystems":true,"showVisualEffectGraphs":true,"m_FxEnabled":true},"in2DMode":false,"pivot":{"x":-0.4103591740131378,"y":1.975986361503601,"z":1.882261037826538},"rotation":{"x":-0.17854921519756318,"y":-0.0925590917468071,"z":0.016863320022821428,"w":-0.9794742465019226},"size":0.008270543068647385,"orthographic":false}