{"cameraMode":{"drawMode":0,"name":"Shaded","section":"Shading Mode"},"sceneLighting":true,"audioPlay":false,"sceneViewState":{"m_AlwaysRefresh":false,"showFog":true,"showSkybox":true,"showFlares":true,"showImageEffects":true,"showParticleSystems":true,"showVisualEffectGraphs":true,"m_FxEnabled":true},"in2DMode":false,"pivot":{"x":0.25390756130218508,"y":0.81622314453125,"z":4.215054988861084},"rotation":{"x":0.46152395009994509,"y":0.08045122772455216,"z":-0.042322512716054919,"w":0.8826488256454468},"size":6.934480667114258,"orthographic":false}