{"cameraMode":{"drawMode":0,"name":"Shaded","section":"Shading Mode"},"sceneLighting":true,"audioPlay":false,"sceneViewState":{"m_AlwaysRefresh":false,"showFog":true,"showSkybox":true,"showFlares":true,"showImageEffects":true,"showParticleSystems":true,"showVisualEffectGraphs":true,"m_FxEnabled":true},"in2DMode":false,"pivot":{"x":-0.1594855785369873,"y":0.14627623558044434,"z":4.140945911407471},"rotation":{"x":-0.1179816946387291,"y":0.5754680037498474,"z":-0.08446376025676727,"w":-0.8049586415290833},"size":0.7729239463806152,"orthographic":false}